{"cameraMode":{"drawMode":0,"name":"Shaded","section":"Shading Mode"},"sceneLighting":false,"audioPlay":false,"sceneViewState":{"showFog":true,"showMaterialUpdate":false,"showSkybox":true,"showFlares":true,"showImageEffects":true,"showParticleSystems":true},"in2DMode":false,"pivot":{"x":15.566560745239258,"y":-0.05713343620300293,"z":-15.245059967041016},"rotation":{"x":0.26731622219085696,"y":-0.5230449438095093,"z":0.17705361545085908,"w":0.7896949648857117},"size":25.94431495666504,"orthographic":true}