{"cameraMode":{"drawMode":0,"name":"Shaded","section":"Shading Mode"},"sceneLighting":false,"audioPlay":false,"sceneViewState":{"showFog":true,"showMaterialUpdate":false,"showSkybox":true,"showFlares":true,"showImageEffects":true,"showParticleSystems":true},"in2DMode":false,"pivot":{"x":-1.6643002033233643,"y":-0.006038188934326172,"z":9.5367431640625e-7},"rotation":{"x":0.26731622219085696,"y":-0.5230449438095093,"z":0.17705361545085908,"w":0.7896949648857117},"size":6.845235347747803,"orthographic":true}