{"cameraMode":{"drawMode":0,"name":"Shaded","section":"Shading Mode"},"sceneLighting":false,"audioPlay":false,"sceneViewState":{"showFog":true,"showMaterialUpdate":false,"showSkybox":true,"showFlares":true,"showImageEffects":true,"showParticleSystems":true},"in2DMode":false,"pivot":{"x":-2.9609274864196779,"y":28.042436599731447,"z":102.4574966430664},"rotation":{"x":0.10851098597049713,"y":0.7280083894729614,"z":-0.11853001266717911,"w":0.6664681434631348},"size":7.8175249099731449,"orthographic":true}