{"cameraMode":{"drawMode":0,"name":"Shaded","section":"Shading Mode"},"sceneLighting":false,"audioPlay":false,"sceneViewState":{"showFog":true,"showMaterialUpdate":false,"showSkybox":true,"showFlares":true,"showImageEffects":true,"showParticleSystems":true},"in2DMode":false,"pivot":{"x":-5.713811874389648,"y":-0.04633188247680664,"z":0.0008192062377929688},"rotation":{"x":0.1814252883195877,"y":-0.5496524572372437,"z":0.12371919304132462,"w":0.8060153126716614},"size":13.635786056518555,"orthographic":true}