{"cameraMode":{"drawMode":0,"name":"Shaded","section":"Shading Mode"},"sceneLighting":false,"audioPlay":false,"sceneViewState":{"showFog":true,"showMaterialUpdate":false,"showSkybox":true,"showFlares":true,"showImageEffects":true,"showParticleSystems":true},"in2DMode":false,"pivot":{"x":6.005593776702881,"y":-0.44154787063598635,"z":-0.10455083847045899},"rotation":{"x":0.21518975496292115,"y":-0.40100228786468508,"z":0.09749464690685272,"w":0.8850905895233154},"size":8.746049880981446,"orthographic":true}