{"cameraMode":{"drawMode":0,"name":"Shaded","section":"Shading Mode"},"sceneLighting":false,"audioPlay":false,"sceneViewState":{"showFog":true,"showMaterialUpdate":false,"showSkybox":true,"showFlares":true,"showImageEffects":true,"showParticleSystems":true},"in2DMode":false,"pivot":{"x":2.3834807872772219,"y":-0.006358623504638672,"z":0.014966487884521485},"rotation":{"x":0.1653067022562027,"y":0.49700403213500979,"z":-0.09707821160554886,"w":0.8463075757026672},"size":13.654623985290528,"orthographic":true}