{"cameraMode":{"drawMode":0,"name":"Shaded","section":"Shading Mode"},"sceneLighting":false,"audioPlay":false,"sceneViewState":{"showFog":true,"showMaterialUpdate":false,"showSkybox":true,"showFlares":true,"showImageEffects":true,"showParticleSystems":true},"in2DMode":false,"pivot":{"x":-2.239161729812622,"y":-0.4324338436126709,"z":-0.018520355224609376},"rotation":{"x":0.21518975496292115,"y":-0.40100228786468508,"z":0.09749464690685272,"w":0.8850905895233154},"size":7.970295429229736,"orthographic":true}