{"cameraMode":{"drawMode":0,"name":"Shaded","section":"Shading Mode"},"sceneLighting":false,"audioPlay":false,"sceneViewState":{"showFog":true,"showMaterialUpdate":false,"showSkybox":true,"showFlares":true,"showImageEffects":true,"showParticleSystems":true},"in2DMode":false,"pivot":{"x":-3.746397018432617,"y":0.728750467300415,"z":0.04807615280151367},"rotation":{"x":0.14303922653198243,"y":0.5293257236480713,"z":-0.091079480946064,"w":0.831299364566803},"size":3.992823362350464,"orthographic":false}