{"cameraMode":{"drawMode":0,"name":"Shaded","section":"Shading Mode"},"sceneLighting":false,"audioPlay":false,"sceneViewState":{"showFog":true,"showMaterialUpdate":false,"showSkybox":true,"showFlares":true,"showImageEffects":true,"showParticleSystems":true},"in2DMode":false,"pivot":{"x":18.181110382080079,"y":2.9075798988342287,"z":0.9690237045288086},"rotation":{"x":0.17607209086418153,"y":0.5105981230735779,"z":-0.10770875960588455,"w":0.8346777558326721},"size":4.542916297912598,"orthographic":true}