{"cameraMode":{"drawMode":0,"name":"Shaded","section":"Shading Mode"},"sceneLighting":false,"audioPlay":false,"sceneViewState":{"showFog":true,"showMaterialUpdate":false,"showSkybox":true,"showFlares":true,"showImageEffects":true,"showParticleSystems":true},"in2DMode":false,"pivot":{"x":14.090054512023926,"y":2.9075798988342287,"z":0.9690237045288086},"rotation":{"x":0.09834017604589462,"y":-0.6199199557304382,"z":0.07871315628290177,"w":0.7744886875152588},"size":5.558954238891602,"orthographic":true}