{"cameraMode":{"drawMode":0,"name":"Shaded","section":"Shading Mode"},"sceneLighting":false,"audioPlay":false,"sceneViewState":{"showFog":true,"showMaterialUpdate":false,"showSkybox":true,"showFlares":true,"showImageEffects":true,"showParticleSystems":true},"in2DMode":false,"pivot":{"x":-31.113557815551759,"y":4.397686004638672,"z":1.6499993801116944},"rotation":{"x":0.14303922653198243,"y":0.5293257236480713,"z":-0.091079480946064,"w":0.831299364566803},"size":1.902051329612732,"orthographic":false}