{"cameraMode":{"drawMode":0,"name":"Shaded","section":"Shading Mode"},"sceneLighting":false,"audioPlay":false,"sceneViewState":{"showFog":true,"showMaterialUpdate":false,"showSkybox":true,"showFlares":true,"showImageEffects":true,"showParticleSystems":true},"in2DMode":false,"pivot":{"x":1.9725871086120606,"y":0.0237424373626709,"z":-0.031963348388671878},"rotation":{"x":0.21518975496292115,"y":-0.40100228786468508,"z":0.09749464690685272,"w":0.8850905895233154},"size":10.26008415222168,"orthographic":true}