{"cameraMode":{"drawMode":0,"name":"Shaded","section":"Shading Mode"},"sceneLighting":false,"audioPlay":false,"sceneViewState":{"showFog":true,"showMaterialUpdate":false,"showSkybox":true,"showFlares":true,"showImageEffects":true,"showParticleSystems":true},"in2DMode":false,"pivot":{"x":29.580305099487306,"y":2.9003047943115236,"z":-11.84061050415039},"rotation":{"x":0.08958933502435684,"y":0.6645872592926025,"z":-0.08074138313531876,"w":0.7374132871627808},"size":13.668183326721192,"orthographic":true}