{"cameraMode":{"drawMode":0,"name":"Shaded","section":"Shading Mode"},"sceneLighting":false,"audioPlay":false,"sceneViewState":{"showFog":true,"showMaterialUpdate":false,"showSkybox":true,"showFlares":true,"showImageEffects":true,"showParticleSystems":true},"in2DMode":false,"pivot":{"x":2.011279821395874,"y":0.5180584192276001,"z":8.344650268554688e-7},"rotation":{"x":0.14303922653198243,"y":0.5293257236480713,"z":-0.091079480946064,"w":0.831299364566803},"size":3.5212509632110597,"orthographic":false}