{"cameraMode":{"drawMode":0,"name":"Shaded","section":"Shading Mode"},"sceneLighting":false,"audioPlay":false,"sceneViewState":{"showFog":true,"showMaterialUpdate":false,"showSkybox":true,"showFlares":true,"showImageEffects":true,"showParticleSystems":true},"in2DMode":false,"pivot":{"x":11.58547592163086,"y":-2.6660757064819338,"z":0.15787506103515626},"rotation":{"x":0.3575097620487213,"y":-0.346407949924469,"z":0.1448291540145874,"w":0.8551099300384522},"size":10.298965454101563,"orthographic":true}