{"cameraMode":{"drawMode":0,"name":"Shaded","section":"Shading Mode"},"sceneLighting":false,"audioPlay":false,"sceneViewState":{"showFog":true,"showMaterialUpdate":false,"showSkybox":true,"showFlares":true,"showImageEffects":true,"showParticleSystems":true},"in2DMode":false,"pivot":{"x":-3.3118600845336916,"y":-0.08172644674777985,"z":-5.973546981811523},"rotation":{"x":0.14303922653198243,"y":0.5293257236480713,"z":-0.091079480946064,"w":0.831299364566803},"size":12.978352546691895,"orthographic":false}