{"cameraMode":{"drawMode":0,"name":"Shaded","section":"Shading Mode"},"sceneLighting":false,"audioPlay":false,"sceneViewState":{"showFog":true,"showMaterialUpdate":false,"showSkybox":true,"showFlares":true,"showImageEffects":true,"showParticleSystems":true},"in2DMode":false,"pivot":{"x":-2.0399999618530275,"y":4.920000076293945,"z":-20.270000457763673},"rotation":{"x":0.18106411397457124,"y":-0.27751681208610537,"z":0.05334259197115898,"w":0.9419951438903809},"size":4.6897172927856449,"orthographic":false}