{"cameraMode":{"drawMode":0,"name":"Shaded","section":"Shading Mode"},"sceneLighting":false,"audioPlay":false,"sceneViewState":{"showFog":true,"showMaterialUpdate":false,"showSkybox":true,"showFlares":true,"showImageEffects":true,"showParticleSystems":true},"in2DMode":false,"pivot":{"x":-2.6342577934265138,"y":4.869999885559082,"z":-4.031626224517822},"rotation":{"x":0.23301362991333009,"y":-0.34467944502830508,"z":0.0887458547949791,"w":0.9049999117851257},"size":22.804344177246095,"orthographic":false}