{"cameraMode":{"drawMode":0,"name":"Shaded","section":"Shading Mode"},"sceneLighting":false,"audioPlay":false,"sceneViewState":{"showFog":true,"showMaterialUpdate":false,"showSkybox":true,"showFlares":true,"showImageEffects":true,"showParticleSystems":true},"in2DMode":false,"pivot":{"x":7.108253479003906,"y":29.04292106628418,"z":45.827857971191409},"rotation":{"x":0.14303922653198243,"y":0.5293257236480713,"z":-0.091079480946064,"w":0.831299364566803},"size":1.0402010679244996,"orthographic":false}