{"cameraMode":{"drawMode":0,"name":"Shaded","section":"Shading Mode"},"sceneLighting":false,"audioPlay":false,"sceneViewState":{"showFog":true,"showMaterialUpdate":false,"showSkybox":true,"showFlares":true,"showImageEffects":true,"showParticleSystems":true},"in2DMode":false,"pivot":{"x":-14.507339477539063,"y":19.496437072753908,"z":99.69549560546875},"rotation":{"x":0.26731622219085696,"y":-0.5230449438095093,"z":0.17705361545085908,"w":0.7896949648857117},"size":13.655924797058106,"orthographic":true}