{"cameraMode":{"drawMode":0,"name":"Shaded","section":"Shading Mode"},"sceneLighting":true,"audioPlay":false,"sceneViewState":{"showFog":true,"showMaterialUpdate":false,"showSkybox":true,"showFlares":true,"showImageEffects":true,"showParticleSystems":true},"in2DMode":false,"pivot":{"x":34.88793182373047,"y":-161.2465362548828,"z":267.0658264160156},"rotation":{"x":0.269058495759964,"y":0.06410559266805649,"z":-0.017952224239706994,"w":0.9608203768730164},"size":338.6118469238281,"orthographic":false}