{"cameraMode":{"drawMode":7,"name":"Mipmaps","section":"Miscellaneous"},"sceneLighting":false,"audioPlay":false,"sceneViewState":{"showFog":true,"showMaterialUpdate":false,"showSkybox":true,"showFlares":true,"showImageEffects":true,"showParticleSystems":true},"in2DMode":false,"pivot":{"x":33.15579605102539,"y":1.5656242370605469,"z":9.478020668029786},"rotation":{"x":-0.02546885795891285,"y":0.9558677673339844,"z":-0.2794232964515686,"w":-0.08712486177682877},"size":259.4159851074219,"orthographic":false}