{"cameraMode":{"drawMode":0,"name":"Shaded","section":"Shading Mode"},"sceneLighting":false,"audioPlay":false,"sceneViewState":{"showFog":true,"showMaterialUpdate":false,"showSkybox":true,"showFlares":true,"showImageEffects":true,"showParticleSystems":true},"in2DMode":false,"pivot":{"x":-9.398871421813965,"y":1.4901161193847657e-8,"z":-6.066011428833008},"rotation":{"x":0.12035248428583145,"y":-0.29313284158706667,"z":0.03722391650080681,"w":0.947735607624054},"size":12.987430572509766,"orthographic":false}