{"cameraMode":{"drawMode":0,"name":"Shaded","section":"Shading Mode"},"sceneLighting":false,"audioPlay":false,"sceneViewState":{"showFog":true,"showMaterialUpdate":false,"showSkybox":true,"showFlares":true,"showImageEffects":true,"showParticleSystems":true},"in2DMode":false,"pivot":{"x":-5.150018692016602,"y":1.9840989112854005,"z":-18.082000732421876},"rotation":{"x":-0.002416562056168914,"y":-0.9713508486747742,"z":-0.00989306066185236,"w":0.23743174970149995},"size":9.30792236328125,"orthographic":false}