{"cameraMode":{"drawMode":0,"name":"Shaded","section":"Shading Mode"},"sceneLighting":false,"audioPlay":false,"sceneViewState":{"showFog":true,"showMaterialUpdate":false,"showSkybox":true,"showFlares":true,"showImageEffects":true,"showParticleSystems":true},"in2DMode":false,"pivot":{"x":-3.767106056213379,"y":-0.16366742551326753,"z":6.066150665283203},"rotation":{"x":0.1399410367012024,"y":-0.09133373200893402,"z":0.012964381836354733,"w":0.9858532547950745},"size":12.975373268127442,"orthographic":false}