{"cameraMode":{"drawMode":6,"name":"Overdraw","section":"Miscellaneous"},"sceneLighting":true,"audioPlay":false,"sceneViewState":{"showFog":true,"showMaterialUpdate":false,"showSkybox":true,"showFlares":true,"showImageEffects":true,"showParticleSystems":true},"in2DMode":false,"pivot":{"x":-135.69091796875,"y":-10.992462158203125,"z":78.9395523071289},"rotation":{"x":0.04365178197622299,"y":-0.6414905190467835,"z":0.03660382330417633,"w":0.7650128602981567},"size":208.74664306640626,"orthographic":false}