{"cameraMode":{"drawMode":0,"name":"Shaded","section":"Shading Mode"},"sceneLighting":false,"audioPlay":false,"sceneViewState":{"showFog":true,"showMaterialUpdate":false,"showSkybox":true,"showFlares":true,"showImageEffects":true,"showParticleSystems":true},"in2DMode":false,"pivot":{"x":-7.150000095367432,"y":1.2100000381469727,"z":4.40000057220459},"rotation":{"x":-0.23009775578975678,"y":-0.022216113284230233,"z":0.005255821160972118,"w":-0.9728996753692627},"size":13.404666900634766,"orthographic":false}