{"cameraMode":{"drawMode":7,"name":"Mipmaps","section":"Miscellaneous"},"sceneLighting":false,"audioPlay":false,"sceneViewState":{"showFog":true,"showMaterialUpdate":false,"showSkybox":true,"showFlares":true,"showImageEffects":true,"showParticleSystems":true},"in2DMode":false,"pivot":{"x":29.580305099487306,"y":2.9003047943115236,"z":-11.84061050415039},"rotation":{"x":-0.1304360181093216,"y":0.09355218708515167,"z":-0.01236396748572588,"w":-0.9869557619094849},"size":13.668183326721192,"orthographic":false}