{"cameraMode":{"drawMode":0,"name":"Shaded","section":"Shading Mode"},"sceneLighting":false,"audioPlay":false,"sceneViewState":{"showFog":true,"showMaterialUpdate":false,"showSkybox":true,"showFlares":true,"showImageEffects":true,"showParticleSystems":true},"in2DMode":false,"pivot":{"x":-7.150000095367432,"y":1.2100000381469727,"z":4.40000057220459},"rotation":{"x":0.01704513281583786,"y":-0.703714907169342,"z":0.016892408952116967,"w":0.7100771069526672},"size":13.404666900634766,"orthographic":true}