{"cameraMode":{"drawMode":0,"name":"Shaded","section":"Shading Mode"},"sceneLighting":false,"audioPlay":false,"sceneViewState":{"showFog":true,"showMaterialUpdate":false,"showSkybox":true,"showFlares":true,"showImageEffects":true,"showParticleSystems":true},"in2DMode":false,"pivot":{"x":-2.6342577934265138,"y":4.869999885559082,"z":-4.031626224517822},"rotation":{"x":-0.4177184998989105,"y":-0.04086339846253395,"z":0.018810028210282327,"w":-0.9074622392654419},"size":13.095645904541016,"orthographic":false}