{"cameraMode":{"drawMode":0,"name":"Shaded","section":"Shading Mode"},"sceneLighting":false,"audioPlay":false,"sceneViewState":{"showFog":true,"showMaterialUpdate":false,"showSkybox":true,"showFlares":true,"showImageEffects":true,"showParticleSystems":true},"in2DMode":false,"pivot":{"x":-2.630000114440918,"y":1.3799999952316285,"z":-1.3300000429153443},"rotation":{"x":-0.07148585468530655,"y":-0.3526434302330017,"z":0.027029966935515405,"w":-0.9326316714286804},"size":3.751128911972046,"orthographic":false}